Asset tag,key_system,System
2111-BN-201,2111-BN-201|01,
2111-BN-201,2111-BN-201|02,
2111-CH-201,2111-CH-201|01,
2111-CH-201,2111-CH-201|02,
2111-CH-202,2111-CH-202|01,
2111-CH-202,2111-CH-202|02,
2111-CH-203,2111-CH-203|01,
2111-CH-203,2111-CH-203|02,
2111-CH-204,2111-CH-204|01,
2111-CH-204,2111-CH-204|02,
2111-CH-205,2111-CH-205|01,
2111-CH-205,2111-CH-205|02,
2111-CH-206,2111-CH-206|01,
2111-CH-206,2111-CH-206|02,
2111-CR-201,2111-CR-201|01,
2111-CR-201,2111-CR-201|02,
2111-CR-201,2111-CR-201|03,
2111-CR-201,2111-CR-201|04,
2111-CR-201,2111-CR-201|05,
2111-CR-201,2111-CR-201|06,
2111-FE-201,2111-FE-201|01,
2111-FE-201,2111-FE-201|02,
2111-FE-201,2111-FE-201|03,
2111-FE-201,2111-FE-201|04,
2111-FE-202,2111-FE-202|01,
2111-FE-202,2111-FE-202|02,
2111-FE-202,2111-FE-202|03,
2111-GZ-201,2111-GZ-201|01,
2112-CH-207,2112-CH-207|01,
2112-CH-207,2112-CH-207|02,
2112-CH-227,2112-CH-227|01,
2112-CH-227,2112-CH-227|02,
2112-CV-201,2112-CV-201|01,
2112-CV-201,2112-CV-201|02,
2112-CV-201,2112-CV-201|03,
2112-CV-201,2112-CV-201|04,
2112-CV-201,2112-CV-201|05,
2112-MA-201,2112-MA-201|01,
2112-MA-201,2112-MA-201|02,
2112-MA-201,2112-MA-201|03,
2113-CH-208,2113-CH-208|01,
2113-CH-208,2113-CH-208|02,
2113-CV-202,2113-CV-202|01,
2113-CV-202,2113-CV-202|02,
2113-CV-202,2113-CV-202|03,
2113-CV-202,2113-CV-202|04,
2113-CV-202,2113-CV-202|05,
2114-CH-240,2114-CH-240|01,
2114-CH-240,2114-CH-240|02,
2114-CV-203,2114-CV-203|01,
2114-CV-203,2114-CV-203|02,
2114-CV-203,2114-CV-203|03,
2114-CV-203,2114-CV-203|04,
2114-CV-203,2114-CV-203|05,
2122-CH-237,2122-CH-237|01,
2122-CH-237,2122-CH-237|02,
2122-CH-238,2122-CH-238|01,
2122-CH-238,2122-CH-238|02,
2122-CH-239,2122-CH-239|01,
2122-CH-239,2122-CH-239|02,
2122-FA-210,2122-FA-210|01,
2122-FA-210,2122-FA-210|02,
2122-FA-210,2122-FA-210|03,
2122-FE-213,2122-FE-213|01,
2122-FE-213,2122-FE-213|02,
2122-FE-213,2122-FE-213|03,
2122-FE-213,2122-FE-213|04,
2123-CH-210,2123-CH-210|01,
2123-CH-210,2123-CH-210|02,
2123-CV-210,2123-CV-210|01,
2123-CV-210,2123-CV-210|02,
2123-CV-210,2123-CV-210|03,
2123-CV-210,2123-CV-210|04,
2123-CV-210,2123-CV-210|05,
2131-CH-211,2131-CH-211|01,
2131-CH-211,2131-CH-211|02,
2131-CH-216,2131-CH-216|01,
2131-CH-216,2131-CH-216|02,
2131-SC-202,2131-SC-202|01,
2131-SC-202,2131-SC-202|02,
2131-SC-202,2131-SC-202|03,
2132-CH-217,2132-CH-217|01,
2132-CH-217,2132-CH-217|02,
2132-CH-243,2132-CH-243|01,
2132-CH-243,2132-CH-243|02,
2132-CV-204,2132-CV-204|01,
2132-CV-204,2132-CV-204|02,
2132-CV-204,2132-CV-204|03,
2132-CV-204,2132-CV-204|04,
2132-CV-204,2132-CV-204|05,
2132-MA-203,2132-MA-203|01,
2132-MA-203,2132-MA-203|02,
2132-MA-203,2132-MA-203|03,
2133-BH-205,2133-BH-205|01,
2133-BH-205,2133-BH-205|02,
2133-BH-205,2133-BH-205|03,
2133-BN-203,2133-BN-203|01,
2133-BN-203,2133-BN-203|02,
2133-CH-212,2133-CH-212|01,
2133-CH-212,2133-CH-212|02,
2133-CH-213,2133-CH-213|01,
2133-CH-213,2133-CH-213|02,
2133-CH-214,2133-CH-214|01,
2133-CH-214,2133-CH-214|02,
2133-CH-215,2133-CH-215|01,
2133-CH-215,2133-CH-215|02,
2133-CH-245,2133-CH-245|01,
2133-CH-245,2133-CH-245|02,
2133-CH-246,2133-CH-246|01,
2133-CH-246,2133-CH-246|02,
2133-CH-256,2133-CH-256|01,
2133-CH-256,2133-CH-256|02,
2133-CR-202,2133-CR-202|01,
2133-CR-202,2133-CR-202|02,
2133-CR-202,2133-CR-202|03,
2133-CR-202,2133-CR-202|04,
2133-CR-202,2133-CR-202|05,
2133-CR-202,2133-CR-202|06,
2133-CR-202,2133-CR-202|07,
2133-FE-204,2133-FE-204|01,
2133-FE-204,2133-FE-204|02,
2133-FE-204,2133-FE-204|03,
2133-FE-204,2133-FE-204|04,
2133-FE-204,2133-FE-204|05,
2134-CH-218,2134-CH-218|01,
2134-CH-218,2134-CH-218|02,
2134-CV-205,2134-CV-205|01,
2134-CV-205,2134-CV-205|02,
2134-CV-205,2134-CV-205|03,
2134-CV-205,2134-CV-205|04,
2134-CV-205,2134-CV-205|05,
2135-BH-204,2135-BH-204|01,
2135-BH-204,2135-BH-204|02,
2135-BH-204,2135-BH-204|03,
2135-CH-247,2135-CH-247|01,
2135-CH-247,2135-CH-247|02,
2141-BN-204,2141-BN-204|01,
2141-BN-204,2141-BN-204|02,
2141-CH-229,2141-CH-229|01,
2141-CH-229,2141-CH-229|02,
2141-DC-202,2141-DC-202|01,
2142-CH-219,2142-CH-219|01,
2142-CH-219,2142-CH-219|02,
2142-CV-206,2142-CV-206|01,
2142-CV-206,2142-CV-206|02,
2142-CV-206,2142-CV-206|03,
2142-CV-206,2142-CV-206|04,
2142-CV-206,2142-CV-206|05,
2143-BN-205,2143-BN-205|01,
2143-BN-205,2143-BN-205|02,
2143-CH-220,2143-CH-220|01,
2143-CH-220,2143-CH-220|02,
2143-CH-241,2143-CH-241|01,
2143-CH-241,2143-CH-241|02,
2143-CR-204,2143-CR-204|01,
2143-CR-204,2143-CR-204|02,
2143-CR-204,2143-CR-204|03,
2143-CR-204,2143-CR-204|04,
2143-CR-204,2143-CR-204|05,
2143-CR-204,2143-CR-204|06,
2143-CR-204,2143-CR-204|07,
2143-CR-204,2143-CR-204|08,
2143-CR-204,2143-CR-204|09,
2143-CR-204,2143-CR-204|10,
2144-CH-221,2144-CH-221|01,
2144-CH-221,2144-CH-221|02,
2144-CV-207,2144-CV-207|01,
2144-CV-207,2144-CV-207|02,
2144-CV-207,2144-CV-207|03,
2144-CV-207,2144-CV-207|04,
2144-CV-207,2144-CV-207|05,
2145-BN-206,2145-BN-206|01,
2145-BN-206,2145-BN-206|02,
2145-CH-230,2145-CH-230|01,
2145-CH-230,2145-CH-230|02,
2145-DC-203,2145-DC-203|01,
2145-DC-203,2145-DC-203|02,
2146-CH-223,2146-CH-223|01,
2146-CH-223,2146-CH-223|02,
2146-CV-208,2146-CV-208|01,
2146-CV-208,2146-CV-208|02,
2146-CV-208,2146-CV-208|03,
2146-CV-208,2146-CV-208|04,
2146-CV-208,2146-CV-208|05,
2147-CH-224,2147-CH-224|01,
2147-CH-224,2147-CH-224|02,
2147-CH-225,2147-CH-225|01,
2147-CH-225,2147-CH-225|02,
2147-SC-203,2147-SC-203|01,
2147-SC-203,2147-SC-203|02,
2147-SC-203,2147-SC-203|03,
2148-CH-226,2148-CH-226|01,
2148-CH-226,2148-CH-226|02,
2148-CH-244,2148-CH-244|01,
2148-CH-244,2148-CH-244|02,
2148-CV-209,2148-CV-209|01,
2148-CV-209,2148-CV-209|02,
2148-CV-209,2148-CV-209|03,
2148-CV-209,2148-CV-209|04,
2148-CV-209,2148-CV-209|05,
2148-MA-204,2148-MA-204|01,
2148-MA-204,2148-MA-204|02,
2148-MA-204,2148-MA-204|03,
2149-BH-203,2149-BH-203|01,
2149-BH-203,2149-BH-203|02,
2149-BH-203,2149-BH-203|03,
2149-CH-248,2149-CH-248|01,
2149-CH-248,2149-CH-248|02,
2221-PU-201,2221-PU-201|01,
2221-PU-201,2221-PU-201|02,
2221-PU-201,2221-PU-201|03,
2222-CY-201,2222-CY-201|01,
2222-CY-201,2222-CY-201|02,
2222-CY-201,2222-CY-201|03,
2222-SA-201,2222-SA-201|01,
2223-CH-231,2223-CH-231|01,
2223-CH-231,2223-CH-231|02,
2223-CH-233,2223-CH-233|01,
2223-CH-233,2223-CH-233|02,
2223-CH-234,2223-CH-234|01,
2223-CH-234,2223-CH-234|02,
2223-ML-201,2223-ML-201|01,
2223-ML-201,2223-ML-201|02,
2223-ML-201,2223-ML-201|03,
2223-ML-201,2223-ML-201|04,
2223-ML-201,2223-ML-201|05,
2223-ML-201,2223-ML-201|06,
2223-ML-201,2223-ML-201|07,
2223-ML-201,2223-ML-201|08,
2223-ML-201,2223-ML-201|09,
2223-ML-201,2223-ML-201|10,
2223-ML-201,2223-ML-201|11,
2223-ML-201,2223-ML-201|12,
2224-CH-209,2224-CH-209|01,
2224-CH-209,2224-CH-209|02,
2224-CH-232,2224-CH-232|01,
2224-CH-232,2224-CH-232|02,
2224-CP-211,2224-CP-211|01,
2224-CP-211,2224-CP-211|02,
2224-CP-211,2224-CP-211|03,
2229-PU-235,2229-PU-235|01,
2229-PU-235,2229-PU-235|02,
2229-PU-235,2229-PU-235|03,
2242-FC-201,2242-FC-201|01,
2242-FC-201,2242-FC-201|02,
2242-FC-201,2242-FC-201|03,
2242-PU-236,2242-PU-236|01,
2242-PU-236,2242-PU-236|02,
2242-PU-236,2242-PU-236|03,
2242-PU-275,2242-PU-275|01,
2242-PU-275,2242-PU-275|02,
2242-PU-275,2242-PU-275|03,
2243-FC-211,2243-FC-211|01,
2243-FC-211,2243-FC-211|02,
2243-FC-211,2243-FC-211|03,
2243-PU-213,2243-PU-213|01,
2243-PU-213,2243-PU-213|02,
2243-PU-213,2243-PU-213|03,
2244-FC-231,2244-FC-231|01,
2244-FC-231,2244-FC-231|02,
2244-FC-231,2244-FC-231|03,
2244-PU-215,2244-PU-215|01,
2244-PU-215,2244-PU-215|02,
2244-PU-215,2244-PU-215|03,
2244-SA-207,2244-SA-207|01,
2246-FC-241,2246-FC-241|01,
2246-FC-241,2246-FC-241|02,
2246-PU-277,2246-PU-277|01,
2246-PU-277,2246-PU-277|02,
2246-PU-277,2246-PU-277|03,
2246-PU-288,2246-PU-288|01,
2246-PU-288,2246-PU-288|02,
2246-PU-288,2246-PU-288|03,
2246-SA-210,2246-SA-210|01,
2248-AN-201,2248-AN-201|01,
2248-AN-201,2248-AN-201|02,
2248-PU-225,2248-PU-225|01,
2248-PU-225,2248-PU-225|02,
2248-PU-225,2248-PU-225|03,
2248-XM-226,2248-XM-226|01,
2252-ML-202,2252-ML-202|01,
2252-ML-202,2252-ML-202|02,
2252-ML-202,2252-ML-202|03,
2252-ML-202,2252-ML-202|04,
2252-ML-202,2252-ML-202|05,
2252-ML-202,2252-ML-202|06,
2252-ML-202,2252-ML-202|07,
2252-ML-202,2252-ML-202|08,
2252-ML-202,2252-ML-202|09,
2253-PU-212,2253-PU-212|01,
2253-PU-212,2253-PU-212|02,
2253-PU-212,2253-PU-212|03,
2255-BN-211,2255-BN-211|01,
2255-BN-211,2255-BN-211|02,
2259-PU-237,2259-PU-237|01,
2259-PU-237,2259-PU-237|02,
2259-PU-237,2259-PU-237|03,
2261-PU-217,2261-PU-217|01,
2261-PU-217,2261-PU-217|02,
2261-PU-217,2261-PU-217|03,
2261-PU-296,2261-PU-296|01,
2261-PU-296,2261-PU-296|02,
2261-PU-296,2261-PU-296|03,
2261-SA-209,2261-SA-209|01,
2261-SC-201,2261-SC-201|01,
2261-TH-202,2261-TH-202|01,
2261-TH-202,2261-TH-202|02,
2261-TH-202,2261-TH-202|03,
2261-TH-202,2261-TH-202|04,
2261-TH-202,2261-TH-202|05,
2261-TK-265,2261-TK-265|01,
2261-TK-265,2261-TK-265|02,
2262-CP-203,2262-CP-203|01,
2262-CP-203,2262-CP-203|02,
2262-CP-203,2262-CP-203|03,
2262-CP-203,2262-CP-203|04,
2262-CP-204,2262-CP-204|01,
2262-CP-204,2262-CP-204|02,
2262-CP-204,2262-CP-204|03,
2262-CP-204,2262-CP-204|04,
2262-CP-205,2262-CP-205|01,
2262-CP-205,2262-CP-205|02,
2262-CP-205,2262-CP-205|03,
2262-CP-205,2262-CP-205|04,
2262-CP-210,2262-CP-210|01,
2262-CP-210,2262-CP-210|02,
2262-CP-210,2262-CP-210|03,
2262-CP-210,2262-CP-210|04,
2262-PU-219,2262-PU-219|01,
2262-PU-219,2262-PU-219|02,
2262-PU-219,2262-PU-219|03,
2262-PU-220,2262-PU-220|01,
2262-PU-220,2262-PU-220|02,
2262-PU-220,2262-PU-220|03,
2262-PU-221,2262-PU-221|01,
2262-PU-221,2262-PU-221|02,
2262-PU-221,2262-PU-221|03,
2262-PU-222,2262-PU-222|01,
2262-PU-222,2262-PU-222|02,
2262-PU-222,2262-PU-222|03,
2262-TK-206,2262-TK-206|01,
2262-TK-206,2262-TK-206|02,
2262-TK-206,2262-TK-206|03,
2262-TK-217,2262-TK-217|01,
2262-TK-217,2262-TK-217|02,
2262-TK-217,2262-TK-217|03,
2263-FL-201,2263-FL-201|01,
2263-FL-201,2263-FL-201|02,
2263-FL-201,2263-FL-201|03,
2263-FL-201,2263-FL-201|04,
2263-HT-212,2263-HT-212|01,
2263-HT-212,2263-HT-212|02,
2263-HT-212,2263-HT-212|03,
2263-PU-223,2263-PU-223|01,
2263-PU-223,2263-PU-223|02,
2263-PU-223,2263-PU-223|03,
2263-XM-210,2263-XM-210|01,
2265-PU-241,2265-PU-241|01,
2265-PU-241,2265-PU-241|02,
2265-PU-241,2265-PU-241|03,
2271-SA-202,2271-SA-202|01,
2271-SA-208,2271-SA-208|01,
2271-SA-208,2271-SA-208|02,
2271-TH-201,2271-TH-201|01,
2271-TH-201,2271-TH-201|02,
2271-TH-201,2271-TH-201|03,
2272-PU-216,2272-PU-216|01,
2272-PU-216,2272-PU-216|02,
2272-PU-216,2272-PU-216|03,
2281-CH-228,2281-CH-228|01,
2281-CH-228,2281-CH-228|02,
2281-CH-242,2281-CH-242|01,
2281-CH-242,2281-CH-242|02,
2281-CP-209,2281-CP-209|01,
2281-CP-209,2281-CP-209|02,
2281-CY-203,2281-CY-203|01,
2281-CY-203,2281-CY-203|02,
2281-CY-203,2281-CY-203|03,
2281-DC-201,2281-DC-201|01,
2281-DC-201,2281-DC-201|02,
2281-DC-201,2281-DC-201|03,
2281-FA-206,2281-FA-206|01,
2281-FA-206,2281-FA-206|02,
2281-FA-206,2281-FA-206|03,
2281-FA-216,2281-FA-216|01,
2281-FA-216,2281-FA-216|02,
2281-FA-216,2281-FA-216|03,
2281-FE-207,2281-FE-207|01,
2281-FE-207,2281-FE-207|02,
2281-FE-207,2281-FE-207|03,
2281-FE-208,2281-FE-208|01,
2281-FE-208,2281-FE-208|02,
2281-FE-208,2281-FE-208|03,
2281-ML-203,2281-ML-203|01,
2281-ML-203,2281-ML-203|02,
2281-ML-203,2281-ML-203|03,
2281-ML-203,2281-ML-203|04,
2281-ML-203,2281-ML-203|05,
2281-PU-226,2281-PU-226|01,
2281-PU-226,2281-PU-226|02,
2281-PU-227,2281-PU-227|01,
2281-PU-227,2281-PU-227|02,
2281-PU-227,2281-PU-227|03,
2281-SB-201,2281-SB-201|01,
2281-SB-201,2281-SB-201|02,
2281-SB-203,2281-SB-203|01,
2281-SB-203,2281-SB-203|02,
2281-TK-226,2281-TK-226|01,
2281-TK-226,2281-TK-226|02,
2281-TK-226,2281-TK-226|03,
2281-TK-227,2281-TK-227|01,
2281-TK-227,2281-TK-227|02,
2281-TK-227,2281-TK-227|03,
2282-PU-253,2282-PU-253|01,
2282-PU-253,2282-PU-253|02,
2282-PU-253,2282-PU-253|03,
2282-PU-255,2282-PU-255|01,
2282-PU-255,2282-PU-255|02,
2282-PU-255,2282-PU-255|03,
2282-PU-256,2282-PU-256|01,
2282-PU-256,2282-PU-256|02,
2282-PU-256,2282-PU-256|03,
2282-PU-257,2282-PU-257|02,
2282-PU-257,2282-PU-257|03,
2282-PU-259,2282-PU-259|01,
2282-PU-259,2282-PU-259|02,
2282-PU-289,2282-PU-289|01,
2282-PU-289,2282-PU-289|02,
2282-PU-289,2282-PU-289|03,
2283-PU-244,2283-PU-244|01,
2283-PU-244,2283-PU-244|02,
2283-PU-264,2283-PU-264|02,
2283-PU-264,2283-PU-264|03,
2283-PU-265,2283-PU-265|02,
2283-PU-265,2283-PU-265|03,
2283-PU-267,2283-PU-267|02,
2283-PU-267,2283-PU-267|03,
2283-PU-268,2283-PU-268|01,
2283-PU-268,2283-PU-268|02,
2283-PU-268,2283-PU-268|03,
2284-PU-279,2284-PU-279|01,
2284-PU-279,2284-PU-279|02,
2284-PU-279,2284-PU-279|03,
2284-PU-280,2284-PU-280|01,
2284-PU-280,2284-PU-280|02,
2284-PU-280,2284-PU-280|03,
2284-PU-281,2284-PU-281|01,
2284-PU-281,2284-PU-281|02,
2284-PU-281,2284-PU-281|03,
2284-PU-284,2284-PU-284|01,
2284-PU-284,2284-PU-284|02,
2284-PU-292,2284-PU-292|01,
2284-PU-292,2284-PU-292|02,
2284-PU-292,2284-PU-292|03,
2284-PU-295,2284-PU-295|01,
2284-PU-295,2284-PU-295|02,
2284-PU-295,2284-PU-295|03,
2284-SB-202,2284-SB-202|01,
2284-SB-202,2284-SB-202|02,
2284-TK-215,2284-TK-215|01,
2284-TK-215,2284-TK-215|02,
2284-TK-215,2284-TK-215|03,
2284-TK-216,2284-TK-216|01,
2284-TK-216,2284-TK-216|02,
2287-BL-204,2287-BL-204|01,
2287-BL-204,2287-BL-204|02,
2287-BN-212,2287-BN-212|01,
2287-BN-212,2287-BN-212|02,
2287-DC-209,2287-DC-209|01,
2287-FE-212,2287-FE-212|01,
2287-FE-212,2287-FE-212|02,
2287-FE-212,2287-FE-212|03,
2287-PU-269,2287-PU-269|01,
2287-PU-269,2287-PU-269|02,
2287-PU-269,2287-PU-269|03,
2287-PU-270,2287-PU-270|01,
2287-PU-270,2287-PU-270|02,
2287-PU-270,2287-PU-270|03,
2287-PU-271,2287-PU-271|01,
2287-PU-271,2287-PU-271|02,
2287-PU-271,2287-PU-271|03,
2287-PU-272,2287-PU-272|01,
2287-PU-272,2287-PU-272|02,
2287-PU-272,2287-PU-272|03,
2287-PU-273,2287-PU-273|01,
2287-PU-273,2287-PU-273|02,
2287-PU-273,2287-PU-273|03,
2287-TK-212,2287-TK-212|01,
2287-TK-212,2287-TK-212|02,
2287-TK-212,2287-TK-212|03,
2287-TK-213,2287-TK-213|01,
2287-TK-213,2287-TK-213|02,
2312-PU-230,2312-PU-230|01,
2312-PU-230,2312-PU-230|02,
2312-PU-230,2312-PU-230|03,
2312-TK-214,2312-TK-214|01,
2312-TK-214,2312-TK-214|02,
2315-PU-232,2315-PU-232|01,
2315-PU-232,2315-PU-232|02,
2321-CP-207,2321-CP-207|01,
2321-CP-207,2321-CP-207|02,
2321-CP-207,2321-CP-207|03,
2321-CP-207,2321-CP-207|04,
2323-BL-201,2323-BL-201|01,
2323-BL-201,2323-BL-201|02,
2323-BL-201,2323-BL-201|03,
2323-FA-204,2323-FA-204|01,
2323-FA-204,2323-FA-204|02,
2323-FA-204,2323-FA-204|03,
2323-FA-205,2323-FA-205|01,
2323-FA-205,2323-FA-205|02,
2323-FA-205,2323-FA-205|03,
3111-BN-301,3111-BN-301|01,
3111-BN-301,3111-BN-301|02,
3111-BN-302,3111-BN-302|01,
3111-BN-302,3111-BN-302|02,
3111-CH-301,3111-CH-301|01,
3111-CH-301,3111-CH-301|02,
3111-CH-302,3111-CH-302|01,
3111-CH-302,3111-CH-302|02,
3111-CH-303,3111-CH-303|01,
3111-CH-303,3111-CH-303|02,
3111-CH-344,3111-CH-344|01,
3111-CH-344,3111-CH-344|02,
3111-CR-301,3111-CR-301|01,
3111-CR-301,3111-CR-301|02,
3111-CR-301,3111-CR-301|03,
3111-CR-301,3111-CR-301|04,
3111-CR-301,3111-CR-301|05,
3111-CR-301,3111-CR-301|06,
3111-CR-301,3111-CR-301|07,
3111-CR-301,3111-CR-301|08,
3111-CR-301,3111-CR-301|09,
3111-FE-301,3111-FE-301|01,
3111-FE-301,3111-FE-301|02,
3111-FE-301,3111-FE-301|03,
3111-FE-301,3111-FE-301|04,
3112-CH-304,3112-CH-304|01,
3112-CH-304,3112-CH-304|02,
3112-CH-305,3112-CH-305|01,
3112-CH-305,3112-CH-305|02,
3112-CH-306,3112-CH-306|01,
3112-CH-306,3112-CH-306|02,
3112-CH-307,3112-CH-307|01,
3112-CH-307,3112-CH-307|02,
3112-CV-301,3112-CV-301|01,
3112-CV-301,3112-CV-301|02,
3112-CV-301,3112-CV-301|03,
3112-CV-301,3112-CV-301|04,
3112-CV-301,3112-CV-301|05,
3112-CV-302,3112-CV-302|01,
3112-CV-302,3112-CV-302|02,
3112-CV-302,3112-CV-302|03,
3112-CV-302,3112-CV-302|04,
3112-CV-302,3112-CV-302|05,
3112-CV-303,3112-CV-303|01,
3112-CV-303,3112-CV-303|02,
3112-CV-303,3112-CV-303|03,
3112-CV-303,3112-CV-303|04,
3112-CV-303,3112-CV-303|05,
3112-MA-301,3112-MA-301|01,
3112-MA-301,3112-MA-301|02,
3112-MA-301,3112-MA-301|03,
3114-CP-303,3114-CP-303|01,
3114-CP-303,3114-CP-303|02,
3114-CP-303,3114-CP-303|03,
3114-CP-303,3114-CP-303|04,
3121-FA-301,3121-FA-301|01,
3121-FA-301,3121-FA-301|02,
3121-FA-301,3121-FA-301|03,
3122-CH-308,3122-CH-308|01,
3122-CH-308,3122-CH-308|02,
3122-CH-309,3122-CH-309|01,
3122-CH-309,3122-CH-309|02,
3122-CH-310,3122-CH-310|01,
3122-CH-310,3122-CH-310|02,
3122-CH-345,3122-CH-345|01,
3122-CH-345,3122-CH-345|02,
3122-CH-346,3122-CH-346|01,
3122-CH-346,3122-CH-346|02,
3122-CH-347,3122-CH-347|01,
3122-CH-347,3122-CH-347|02,
3122-CH-348,3122-CH-348|01,
3122-CH-348,3122-CH-348|02,
3122-CH-350,3122-CH-350|01,
3122-CH-350,3122-CH-350|02,
3122-CV-319,3122-CV-319|01,
3122-CV-319,3122-CV-319|02,
3122-CV-319,3122-CV-319|03,
3122-CV-319,3122-CV-319|04,
3122-CV-319,3122-CV-319|05,
3122-FE-302,3122-FE-302|01,
3122-FE-302,3122-FE-302|02,
3122-FE-302,3122-FE-302|03,
3122-FE-302,3122-FE-302|04,
3122-MA-302,3122-MA-302|01,
3122-MA-302,3122-MA-302|02,
3122-MA-302,3122-MA-302|03,
3131-BN-303,3131-BN-303|01,
3131-BN-303,3131-BN-303|02,
3131-CH-311,3131-CH-311|01,
3131-CH-311,3131-CH-311|02,
3131-CH-312,3131-CH-312|01,
3131-CH-312,3131-CH-312|02,
3131-CH-313,3131-CH-313|01,
3131-CH-313,3131-CH-313|02,
3131-CH-314,3131-CH-314|01,
3131-CH-314,3131-CH-314|02,
3131-CH-315,3131-CH-315|01,
3131-CH-315,3131-CH-315|02,
3131-CH-316,3131-CH-316|01,
3131-CH-316,3131-CH-316|02,
3131-CH-317,3131-CH-317|01,
3131-CH-317,3131-CH-317|02,
3131-CV-306,3131-CV-306|01,
3131-CV-306,3131-CV-306|02,
3131-CV-306,3131-CV-306|03,
3131-CV-306,3131-CV-306|04,
3131-CV-306,3131-CV-306|05,
3131-CV-307,3131-CV-307|01,
3131-CV-307,3131-CV-307|02,
3131-CV-307,3131-CV-307|03,
3131-CV-307,3131-CV-307|04,
3131-CV-307,3131-CV-307|05,
3131-SC-301,3131-SC-301|01,
3131-SC-301,3131-SC-301|02,
3131-SC-301,3131-SC-301|03,
3132-BN-304,3132-BN-304|01,
3132-BN-304,3132-BN-304|02,
3132-CH-318,3132-CH-318|01,
3132-CH-318,3132-CH-318|02,
3132-CH-319,3132-CH-319|01,
3132-CH-319,3132-CH-319|02,
3132-CH-320,3132-CH-320|01,
3132-CH-320,3132-CH-320|02,
3132-CH-321,3132-CH-321|01,
3132-CH-321,3132-CH-321|02,
3132-CR-302,3132-CR-302|01,
3132-CR-302,3132-CR-302|02,
3132-CR-302,3132-CR-302|03,
3132-CR-302,3132-CR-302|04,
3132-CR-302,3132-CR-302|05,
3132-CR-302,3132-CR-302|06,
3132-CR-302,3132-CR-302|07,
3132-CV-304,3132-CV-304|01,
3132-CV-304,3132-CV-304|02,
3132-CV-304,3132-CV-304|03,
3132-CV-304,3132-CV-304|04,
3132-CV-304,3132-CV-304|05,
3132-CV-305,3132-CV-305|01,
3132-CV-305,3132-CV-305|02,
3132-CV-305,3132-CV-305|03,
3132-CV-305,3132-CV-305|04,
3132-CV-305,3132-CV-305|05,
3132-FE-305,3132-FE-305|01,
3132-FE-305,3132-FE-305|02,
3132-FE-305,3132-FE-305|03,
3132-FE-305,3132-FE-305|04,
3132-FE-305,3132-FE-305|05,
3133-CH-322,3133-CH-322|01,
3133-CH-322,3133-CH-322|02,
3133-CV-308,3133-CV-308|01,
3133-CV-308,3133-CV-308|02,
3133-CV-308,3133-CV-308|03,
3133-CV-308,3133-CV-308|04,
3133-CV-308,3133-CV-308|05,
3134-BH-301,3134-BH-301|01,
3134-BH-301,3134-BH-301|02,
3134-BH-301,3134-BH-301|03,
3141-BN-305,3141-BN-305|01,
3141-BN-305,3141-BN-305|02,
3141-BN-308,3141-BN-308|01,
3141-BN-308,3141-BN-308|02,
3141-BN-309,3141-BN-309|01,
3141-BN-309,3141-BN-309|02,
3141-BN-310,3141-BN-310|01,
3141-BN-310,3141-BN-310|02,
3141-CH-323,3141-CH-323|01,
3141-CH-323,3141-CH-323|02,
3141-CH-324,3141-CH-324|01,
3141-CH-324,3141-CH-324|02,
3141-CH-325,3141-CH-325|01,
3141-CH-325,3141-CH-325|02,
3141-CH-326,3141-CH-326|01,
3141-CH-326,3141-CH-326|02,
3141-CH-327,3141-CH-327|01,
3141-CH-327,3141-CH-327|02,
3141-CV-309,3141-CV-309|01,
3141-CV-309,3141-CV-309|02,
3141-CV-309,3141-CV-309|03,
3141-CV-309,3141-CV-309|04,
3141-CV-309,3141-CV-309|05,
3142-CH-328,3142-CH-328|01,
3142-CH-328,3142-CH-328|02,
3142-CH-329,3142-CH-329|01,
3142-CH-329,3142-CH-329|02,
3142-CH-330,3142-CH-330|01,
3142-CH-330,3142-CH-330|02,
3142-CH-331,3142-CH-331|01,
3142-CH-331,3142-CH-331|02,
3142-CH-332,3142-CH-332|01,
3142-CH-332,3142-CH-332|02,
3142-CH-333,3142-CH-333|01,
3142-CH-333,3142-CH-333|02,
3142-CH-334,3142-CH-334|01,
3142-CH-334,3142-CH-334|02,
3142-CH-335,3142-CH-335|01,
3142-CH-335,3142-CH-335|02,
3142-CH-336,3142-CH-336|01,
3142-CH-336,3142-CH-336|02,
3142-CH-337,3142-CH-337|01,
3142-CH-337,3142-CH-337|02,
3142-CH-338,3142-CH-338|01,
3142-CH-338,3142-CH-338|02,
3142-CH-339,3142-CH-339|01,
3142-CH-339,3142-CH-339|02,
3142-FE-306,3142-FE-306|01,
3142-FE-306,3142-FE-306|02,
3142-FE-306,3142-FE-306|03,
3142-SC-302,3142-SC-302|01,
3142-SC-302,3142-SC-302|02,
3142-SC-302,3142-SC-302|03,
3142-SC-303,3142-SC-303|01,
3142-SC-303,3142-SC-303|02,
3142-SC-303,3142-SC-303|03,
3142-SC-304,3142-SC-304|01,
3142-SC-304,3142-SC-304|02,
3142-SC-304,3142-SC-304|03,
3142-SC-305,3142-SC-305|01,
3142-SC-305,3142-SC-305|02,
3142-SC-305,3142-SC-305|03,
3143-BN-306,3143-BN-306|01,
3143-BN-306,3143-BN-306|02,
3143-CH-340,3143-CH-340|01,
3143-CH-340,3143-CH-340|02,
3143-CH-341,3143-CH-341|01,
3143-CH-341,3143-CH-341|02,
3143-CV-310,3143-CV-310|01,
3143-CV-310,3143-CV-310|02,
3143-CV-310,3143-CV-310|03,
3143-CV-310,3143-CV-310|04,
3143-CV-310,3143-CV-310|05,
3143-MA-306,3143-MA-306|01,
3143-MA-306,3143-MA-306|02,
3143-MA-306,3143-MA-306|03,
3144-BN-307,3144-BN-307|01,
3144-BN-307,3144-BN-307|02,
3144-CH-342,3144-CH-342|01,
3144-CH-342,3144-CH-342|02,
3144-CH-343,3144-CH-343|01,
3144-CH-343,3144-CH-343|02,
3144-CR-303,3144-CR-303|01,
3144-CR-303,3144-CR-303|02,
3144-CR-303,3144-CR-303|03,
3144-CR-303,3144-CR-303|04,
3144-CR-303,3144-CR-303|05,
3144-CR-303,3144-CR-303|06,
3144-CR-303,3144-CR-303|07,
3144-CR-303,3144-CR-303|08,
3144-CR-303,3144-CR-303|09,
3144-CR-303,3144-CR-303|10,
3144-FE-310,3144-FE-310|01,
3144-FE-310,3144-FE-310|02,
3144-FE-310,3144-FE-310|03,
3144-FE-310,3144-FE-310|04,
3144-FE-310,3144-FE-310|05,
3145-BH-302,3145-BH-302|01,
3145-BH-302,3145-BH-302|02,
3161-CH-370,3161-CH-370|01,
3161-CH-370,3161-CH-370|02,
3161-CV-311,3161-CV-311|01,
3161-CV-311,3161-CV-311|02,
3161-CV-311,3161-CV-311|03,
3161-CV-311,3161-CV-311|04,
3161-CV-311,3161-CV-311|05,
3161-SA-301,3161-SA-301|01,
3161-SA-301,3161-SA-301|02,
3211-CH-371,3211-CH-371|01,
3211-CH-371,3211-CH-371|02,
3211-CH-372,3211-CH-372|01,
3211-CH-372,3211-CH-372|02,
3211-PU-320,3211-PU-320|01,
3211-PU-320,3211-PU-320|02,
3211-PU-320,3211-PU-320|03,
3211-SB-301,3211-SB-301|01,
3211-SB-301,3211-SB-301|02,
3211-SB-301,3211-SB-301|03,
3221-CH-360,3221-CH-360|01,
3221-CH-360,3221-CH-360|02,
3221-CH-361,3221-CH-361|01,
3221-CH-361,3221-CH-361|02,
3221-CH-373,3221-CH-373|01,
3221-CH-373,3221-CH-373|02,
3221-CH-374,3221-CH-374|01,
3221-CH-374,3221-CH-374|02,
3221-CH-375,3221-CH-375|01,
3221-CH-375,3221-CH-375|02,
3221-CV-312,3221-CV-312|01,
3221-CV-312,3221-CV-312|02,
3221-CV-312,3221-CV-312|03,
3221-CV-312,3221-CV-312|04,
3221-CV-312,3221-CV-312|05,
3221-CV-313,3221-CV-313|01,
3221-CV-313,3221-CV-313|02,
3221-CV-313,3221-CV-313|03,
3221-CV-313,3221-CV-313|04,
3221-CV-313,3221-CV-313|05,
3221-CV-314,3221-CV-314|01,
3221-CV-314,3221-CV-314|02,
3221-CV-314,3221-CV-314|03,
3221-CV-314,3221-CV-314|04,
3221-CV-314,3221-CV-314|05,
3231-BN-311,3231-BN-311|01,
3231-BN-311,3231-BN-311|02,
3231-BN-312,3231-BN-312|01,
3231-BN-312,3231-BN-312|02,
3231-CH-378,3231-CH-378|01,
3231-CH-378,3231-CH-378|02,
3231-CH-379,3231-CH-379|01,
3231-CH-379,3231-CH-379|02,
3231-CN-301,3231-CN-301|01,
3231-CN-301,3231-CN-301|02,
3231-CN-301,3231-CN-301|03,
3231-CN-301,3231-CN-301|04,
3231-FE-315,3231-FE-315|01,
3231-FE-315,3231-FE-315|02,
3231-FE-315,3231-FE-315|03,
3231-FE-315,3231-FE-315|04,
3231-FE-315,3231-FE-315|05,
3231-FE-316,3231-FE-316|01,
3231-FE-316,3231-FE-316|02,
3231-FE-316,3231-FE-316|03,
3231-FE-316,3231-FE-316|04,
3231-FE-316,3231-FE-316|05,
3232-CH-351,3232-CH-351|01,
3232-CH-351,3232-CH-351|02,
3232-CH-352,3232-CH-352|01,
3232-CH-352,3232-CH-352|02,
3232-CH-376,3232-CH-376|01,
3232-CH-376,3232-CH-376|02,
3232-CH-377,3232-CH-377|01,
3232-CH-377,3232-CH-377|02,
3232-CV-315,3232-CV-315|01,
3232-CV-315,3232-CV-315|02,
3232-CV-315,3232-CV-315|03,
3232-CV-315,3232-CV-315|04,
3232-CV-315,3232-CV-315|05,
3232-CV-320,3232-CV-320|01,
3232-CV-320,3232-CV-320|02,
3232-CV-320,3232-CV-320|03,
3232-CV-320,3232-CV-320|04,
3232-CV-320,3232-CV-320|05,
3232-CV-321,3232-CV-321|01,
3232-CV-321,3232-CV-321|02,
3232-CV-321,3232-CV-321|03,
3232-CV-321,3232-CV-321|04,
3232-CV-321,3232-CV-321|05,
3233-CH-353,3233-CH-353|01,
3233-CH-353,3233-CH-353|02,
3233-CH-354,3233-CH-354|01,
3233-CH-354,3233-CH-354|02,
3233-CV-317,3233-CV-317|01,
3233-CV-317,3233-CV-317|02,
3233-CV-317,3233-CV-317|03,
3233-CV-317,3233-CV-317|04,
3233-CV-317,3233-CV-317|05,
3233-CV-318,3233-CV-318|01,
3233-CV-318,3233-CV-318|02,
3233-CV-318,3233-CV-318|03,
3233-CV-318,3233-CV-318|04,
3233-CV-318,3233-CV-318|05,
3241-MX-302,3241-MX-302|01,
3241-MX-302,3241-MX-302|02,
3241-PU-301,3241-PU-301|01,
3241-PU-301,3241-PU-301|02,
3241-PU-301,3241-PU-301|03,
3241-PU-302,3241-PU-302|01,
3241-PU-302,3241-PU-302|02,
3241-PU-302,3241-PU-302|03,
3241-PU-303,3241-PU-303|01,
3241-PU-303,3241-PU-303|02,
3241-PU-303,3241-PU-303|03,
3241-PU-304,3241-PU-304|01,
3241-PU-304,3241-PU-304|02,
3241-PU-304,3241-PU-304|03,
3241-PU-305,3241-PU-305|01,
3241-PU-305,3241-PU-305|02,
3241-PU-305,3241-PU-305|03,
3241-PU-306,3241-PU-306|01,
3241-PU-306,3241-PU-306|02,
3241-PU-306,3241-PU-306|03,
3241-PU-307,3241-PU-307|01,
3241-PU-307,3241-PU-307|02,
3241-PU-307,3241-PU-307|03,
3241-PU-308,3241-PU-308|01,
3241-PU-308,3241-PU-308|02,
3241-PU-308,3241-PU-308|03,
3241-PU-309,3241-PU-309|01,
3241-PU-309,3241-PU-309|02,
3241-PU-309,3241-PU-309|03,
3241-PU-310,3241-PU-310|01,
3241-PU-310,3241-PU-310|02,
3241-PU-310,3241-PU-310|03,
3241-PU-311,3241-PU-311|01,
3241-PU-311,3241-PU-311|02,
3241-PU-311,3241-PU-311|03,
3241-PU-312,3241-PU-312|01,
3241-PU-312,3241-PU-312|02,
3241-PU-312,3241-PU-312|03,
3241-PU-313,3241-PU-313|01,
3241-PU-313,3241-PU-313|02,
3241-PU-313,3241-PU-313|03,
3241-PU-314,3241-PU-314|01,
3241-PU-314,3241-PU-314|02,
3241-PU-314,3241-PU-314|03,
3241-PU-315,3241-PU-315|01,
3241-PU-315,3241-PU-315|02,
3241-PU-315,3241-PU-315|03,
3241-PU-737,3241-PU-737|01,
3241-PU-737,3241-PU-737|02,
3241-PU-737,3241-PU-737|03,
3241-PU-738,3241-PU-738|01,
3241-PU-738,3241-PU-738|02,
3241-PU-738,3241-PU-738|03,
3241-PU-739,3241-PU-739|01,
3241-PU-739,3241-PU-739|02,
3241-PU-739,3241-PU-739|03,
3241-PU-740,3241-PU-740|01,
3241-PU-740,3241-PU-740|02,
3241-PU-740,3241-PU-740|03,
3241-PU-741,3241-PU-741|01,
3241-PU-741,3241-PU-741|02,
3241-PU-741,3241-PU-741|03,
3241-TK-301,3241-TK-301|01,
3241-TK-301,3241-TK-301|02,
3241-TK-302,3241-TK-302|01,
3241-TK-302,3241-TK-302|02,
3241-TK-303,3241-TK-303|01,
3241-TK-303,3241-TK-303|02,
3241-TK-304,3241-TK-304|01,
3241-TK-304,3241-TK-304|02,
3241-TK-305,3241-TK-305|01,
3241-TK-305,3241-TK-305|02,
3241-TK-306,3241-TK-306|01,
3241-TK-306,3241-TK-306|02,
3241-TK-307,3241-TK-307|01,
3241-TK-307,3241-TK-307|02,
3241-TK-308,3241-TK-308|01,
3241-TK-308,3241-TK-308|02,
3241-TK-309,3241-TK-309|01,
3241-TK-309,3241-TK-309|02,
3241-TK-310,3241-TK-310|01,
3241-TK-310,3241-TK-310|02,
3241-TK-311,3241-TK-311|01,
3241-TK-311,3241-TK-311|02,
3241-TK-312,3241-TK-312|01,
3241-TK-312,3241-TK-312|02,
3241-TK-313,3241-TK-313|01,
3241-TK-313,3241-TK-313|02,
3241-TK-314,3241-TK-314|01,
3241-TK-314,3241-TK-314|02,
3241-TK-315,3241-TK-315|01,
3241-TK-315,3241-TK-315|02,
3242-PU-742,3242-PU-742|01,
3242-PU-742,3242-PU-742|02,
3242-PU-742,3242-PU-742|03,
3242-PU-743,3242-PU-743|01,
3242-PU-743,3242-PU-743|02,
3242-TK-377,3242-TK-377|01,
3242-TK-377,3242-TK-377|02,
3242-TK-377,3242-TK-377|03,
3251-PU-321,3251-PU-321|01,
3251-PU-322,3251-PU-322|01,
3251-PU-322,3251-PU-322|02,
3251-PU-322,3251-PU-322|03,
3251-PU-323,3251-PU-323|01,
3251-PU-323,3251-PU-323|02,
3251-PU-323,3251-PU-323|03,
3251-TK-317,3251-TK-317|01,
3251-TK-317,3251-TK-317|02,
3252-PU-324,3252-PU-324|01,
3252-PU-324,3252-PU-324|02,
3252-PU-324,3252-PU-324|03,
3252-PU-325,3252-PU-325|01,
3252-PU-325,3252-PU-325|02,
3252-PU-325,3252-PU-325|03,
3252-PU-365,3252-PU-365|01,
3252-PU-365,3252-PU-365|02,
3252-TK-318,3252-TK-318|01,
3252-TK-318,3252-TK-318|02,
3253-PU-326,3253-PU-326|01,
3253-PU-326,3253-PU-326|02,
3253-PU-326,3253-PU-326|03,
3253-PU-327,3253-PU-327|01,
3253-PU-327,3253-PU-327|02,
3253-PU-327,3253-PU-327|03,
3253-PU-328,3253-PU-328|01,
3253-PU-328,3253-PU-328|02,
3253-PU-328,3253-PU-328|03,
3253-PU-329,3253-PU-329|01,
3253-PU-329,3253-PU-329|02,
3253-PU-329,3253-PU-329|03,
3253-TK-319,3253-TK-319|01,
3253-TK-319,3253-TK-319|02,
3253-TK-320,3253-TK-320|01,
3253-TK-320,3253-TK-320|02,
3254-PU-330,3254-PU-330|01,
3254-PU-330,3254-PU-330|02,
3254-PU-330,3254-PU-330|03,
3254-PU-331,3254-PU-331|01,
3254-PU-331,3254-PU-331|02,
3254-PU-331,3254-PU-331|03,
3254-TK-321,3254-TK-321|01,
3254-TK-321,3254-TK-321|02,
3261-CL-301,3261-CL-301|01,
3261-CL-301,3261-CL-301|02,
3261-CL-301,3261-CL-301|03,
3261-FA-338,3261-FA-338|01,
3261-FA-338,3261-FA-338|02,
3261-FA-338,3261-FA-338|03,
3261-MX-305,3261-MX-305|01,
3261-MX-305,3261-MX-305|02,
3261-PU-332,3261-PU-332|01,
3261-PU-332,3261-PU-332|02,
3261-PU-332,3261-PU-332|03,
3261-PU-333,3261-PU-333|01,
3261-PU-333,3261-PU-333|02,
3261-PU-333,3261-PU-333|03,
3261-TK-323,3261-TK-323|01,
3261-TK-323,3261-TK-323|02,
3321-PU-334,3321-PU-334|01,
3321-PU-334,3321-PU-334|02,
3321-PU-334,3321-PU-334|03,
3321-PU-335,3321-PU-335|01,
3321-PU-335,3321-PU-335|02,
3321-PU-335,3321-PU-335|03,
3321-TK-330,3321-TK-330|01,
3321-TK-330,3321-TK-330|02,
3321-TK-330,3321-TK-330|03,
3321-TK-331,3321-TK-331|01,
3321-TK-331,3321-TK-331|02,
3321-TK-331,3321-TK-331|03,
3321-TK-332,3321-TK-332|01,
3321-TK-332,3321-TK-332|02,
3321-TK-332,3321-TK-332|03,
3321-TK-333,3321-TK-333|01,
3321-TK-333,3321-TK-333|02,
3321-TK-333,3321-TK-333|03,
3321-TK-334,3321-TK-334|01,
3321-TK-334,3321-TK-334|02,
3321-TK-334,3321-TK-334|03,
3321-TK-335,3321-TK-335|01,
3321-TK-335,3321-TK-335|02,
3321-TK-335,3321-TK-335|03,
3321-TK-336,3321-TK-336|01,
3321-TK-336,3321-TK-336|02,
3321-TK-336,3321-TK-336|03,
3321-TK-337,3321-TK-337|01,
3321-TK-337,3321-TK-337|02,
3321-TK-337,3321-TK-337|03,
3321-TK-338,3321-TK-338|01,
3321-TK-338,3321-TK-338|02,
3321-TK-338,3321-TK-338|03,
3321-TK-339,3321-TK-339|01,
3321-TK-339,3321-TK-339|02,
3321-TK-339,3321-TK-339|03,
3322-PU-336,3322-PU-336|01,
3322-PU-336,3322-PU-336|02,
3322-PU-336,3322-PU-336|03,
3322-PU-337,3322-PU-337|01,
3322-PU-337,3322-PU-337|02,
3322-PU-337,3322-PU-337|03,
3322-PU-338,3322-PU-338|01,
3322-PU-338,3322-PU-338|02,
3322-PU-338,3322-PU-338|03,
3322-TK-340,3322-TK-340|01,
3322-TK-340,3322-TK-340|02,
3322-TK-341,3322-TK-341|01,
3322-TK-341,3322-TK-341|02,
3323-PU-339,3323-PU-339|01,
3323-PU-339,3323-PU-339|02,
3323-PU-339,3323-PU-339|03,
3323-TK-342,3323-TK-342|01,
3323-TK-342,3323-TK-342|02,
3324-CE-301,3324-CE-301|01,
3324-CE-301,3324-CE-301|02,
3324-CH-380,3324-CH-380|01,
3324-CH-380,3324-CH-380|02,
3324-CH-381,3324-CH-381|01,
3324-CH-381,3324-CH-381|02,
3324-PU-340,3324-PU-340|01,
3324-PU-340,3324-PU-340|02,
3324-PU-340,3324-PU-340|03,
3324-PU-341,3324-PU-341|01,
3324-PU-341,3324-PU-341|02,
3324-PU-341,3324-PU-341|03,
3324-PU-342,3324-PU-342|01,
3324-PU-342,3324-PU-342|02,
3324-PU-342,3324-PU-342|03,
3324-PU-343,3324-PU-343|01,
3324-PU-343,3324-PU-343|02,
3324-PU-343,3324-PU-343|03,
3324-TK-361,3324-TK-361|01,
3324-TK-361,3324-TK-361|02,
3324-TK-361,3324-TK-361|03,
3324-TK-362,3324-TK-362|01,
3324-TK-362,3324-TK-362|02,
3324-TK-362,3324-TK-362|03,
3324-TK-363,3324-TK-363|01,
3324-TK-363,3324-TK-363|02,
3324-TK-364,3324-TK-364|01,
3324-TK-364,3324-TK-364|02,
3331-BL-330,3331-BL-330|01,
3331-BL-330,3331-BL-330|02,
3331-BL-330,3331-BL-330|03,
3331-BL-330,3331-BL-330|04,
3331-BL-330,3331-BL-330|05,
3331-BL-330,3331-BL-330|06,
3331-BL-330,3331-BL-330|07,
3331-FA-311,3331-FA-311|01,
3331-FA-311,3331-FA-311|02,
3331-FA-311,3331-FA-311|03,
3331-FL-301,3331-FL-301|01,
3331-FL-301,3331-FL-301|02,
3331-FL-302,3331-FL-302|01,
3331-FL-302,3331-FL-302|02,
3331-FL-303,3331-FL-303|01,
3331-FL-303,3331-FL-303|02,
3331-FL-304,3331-FL-304|01,
3331-FL-304,3331-FL-304|02,
3331-MX-303,3331-MX-303|01,
3331-MX-303,3331-MX-303|02,
3331-PU-344,3331-PU-344|01,
3331-PU-344,3331-PU-344|02,
3331-PU-344,3331-PU-344|03,
3331-PU-345,3331-PU-345|01,
3331-PU-345,3331-PU-345|02,
3331-PU-345,3331-PU-345|03,
3331-PU-347,3331-PU-347|01,
3331-PU-347,3331-PU-347|02,
3331-PU-347,3331-PU-347|03,
3331-PU-348,3331-PU-348|01,
3331-PU-348,3331-PU-348|02,
3331-PU-348,3331-PU-348|03,
3331-TK-343,3331-TK-343|01,
3331-TK-343,3331-TK-343|02,
3332-CT-301,3332-CT-301|01,
3332-CT-301,3332-CT-301|02,
3332-CT-301,3332-CT-301|03,
3332-CT-301,3332-CT-301|04,
3332-HX-301,3332-HX-301|01,
3332-HX-301,3332-HX-301|02,
3332-PU-346,3332-PU-346|01,
3332-PU-346,3332-PU-346|02,
3332-PU-346,3332-PU-346|03,
3332-PU-349,3332-PU-349|01,
3332-PU-350,3332-PU-350|01,
3332-PU-351,3332-PU-351|01,
3332-PU-352,3332-PU-352|01,
3332-PU-352,3332-PU-352|02,
3332-PU-352,3332-PU-352|03,
3332-TK-374,3332-TK-374|01,
3332-TK-374,3332-TK-374|02,
3332-TK-375,3332-TK-375|01,
3332-TK-375,3332-TK-375|02,
3332-TK-376,3332-TK-376|01,
3332-TK-376,3332-TK-376|02,
3333-EC-301,3333-EC-301|01,
3333-EC-301,3333-EC-301|02,
3333-EC-323,3333-EC-323|01,
3333-EC-323,3333-EC-323|02,
3333-EC-357,3333-EC-357|01,
3333-EC-357,3333-EC-357|02,
3333-XM-333,3333-XM-333|01,
3334-PU-353,3334-PU-353|01,
3334-PU-353,3334-PU-353|02,
3334-PU-353,3334-PU-353|03,
3334-PU-354,3334-PU-354|01,
3334-PU-354,3334-PU-354|02,
3334-PU-354,3334-PU-354|03,
3334-PU-355,3334-PU-355|01,
3334-PU-355,3334-PU-355|02,
3334-PU-355,3334-PU-355|03,
3334-TK-344,3334-TK-344|01,
3334-TK-344,3334-TK-344|02,
3334-TK-345,3334-TK-345|01,
3334-TK-345,3334-TK-345|02,
3335-CN-303,3335-CN-303|01,
3335-CN-303,3335-CN-303|02,
3335-CN-303,3335-CN-303|03,
3335-CN-303,3335-CN-303|04,
3335-CN-303,3335-CN-303|05,
3335-CV-332,3335-CV-332|01,
3335-CV-333,3335-CV-333|01,
3335-HX-304,3335-HX-304|01,
3335-PU-356,3335-PU-356|01,
3335-PU-356,3335-PU-356|02,
3335-PU-357,3335-PU-357|01,
3335-PU-357,3335-PU-357|02,
3335-PU-357,3335-PU-357|03,
3335-PU-359,3335-PU-359|01,
3335-PU-359,3335-PU-359|02,
3335-PU-396,3335-PU-396|01,
3335-PU-397,3335-PU-397|01,
3335-PU-397,3335-PU-397|02,
3335-PU-397,3335-PU-397|03,
3335-PU-398,3335-PU-398|01,
3335-PU-398,3335-PU-398|02,
3335-PU-398,3335-PU-398|03,
3335-TK-347,3335-TK-347|01,
3335-TK-347,3335-TK-347|02,
3335-TK-348,3335-TK-348|01,
3335-TK-348,3335-TK-348|02,
3335-TK-372,3335-TK-372|01,
3335-TK-372,3335-TK-372|02,
3335-TK-373,3335-TK-373|01,
3335-TK-373,3335-TK-373|02,
3335-XM-338,3335-XM-338|01,
3335-XM-343,3335-XM-343|01,
3335-XM-348,3335-XM-348|01,
3335-XM-349,3335-XM-349|01,
3335-XM-350,3335-XM-350|01,
3335-XM-352,3335-XM-352|01,
3335-XM-364,3335-XM-364|01,
3335-XM-364,3335-XM-364|02,
3337-RE-301,3337-RE-301|01,
3337-RE-301,3337-RE-301|02,
3337-RE-301,3337-RE-301|03,
3337-RE-302,3337-RE-302|02,
3337-RE-302,3337-RE-302|03,
3337-RE-302,3337-RE-302|04,
3351-PU-370,3351-PU-370|01,
3351-PU-370,3351-PU-370|02,
3351-PU-370,3351-PU-370|03,
3351-PU-371,3351-PU-371|01,
3351-PU-371,3351-PU-371|02,
3351-PU-371,3351-PU-371|03,
3351-PU-372,3351-PU-372|01,
3351-PU-372,3351-PU-372|02,
3351-PU-372,3351-PU-372|03,
3351-PU-375,3351-PU-375|01,
3351-PU-375,3351-PU-375|02,
3351-PU-375,3351-PU-375|03,
3351-TK-349,3351-TK-349|01,
3351-TK-349,3351-TK-349|02,
3351-TK-350,3351-TK-350|01,
3351-TK-350,3351-TK-350|02,
3351-TK-351,3351-TK-351|01,
3351-TK-351,3351-TK-351|02,
3351-TK-352,3351-TK-352|01,
3351-TK-352,3351-TK-352|02,
3351-XM-306,3351-XM-306|01,
3351-XM-306,3351-XM-306|02,
3352-PU-376,3352-PU-376|01,
3352-PU-376,3352-PU-376|02,
3352-PU-376,3352-PU-376|03,
3352-TK-353,3352-TK-353|01,
3352-TK-353,3352-TK-353|02,
3353-PU-381,3353-PU-381|01,
3353-PU-381,3353-PU-381|02,
3354-BL-301,3354-BL-301|01,
3354-BL-301,3354-BL-301|02,
3354-BL-301,3354-BL-301|03,
3354-BL-301,3354-BL-301|04,
3354-BL-301,3354-BL-301|05,
3354-BN-321,3354-BN-321|01,
3354-BN-321,3354-BN-321|02,
3354-FE-330,3354-FE-330|01,
3354-FE-330,3354-FE-330|02,
3354-FE-330,3354-FE-330|03,
3354-PU-378,3354-PU-378|01,
3354-PU-378,3354-PU-378|02,
3354-PU-379,3354-PU-379|01,
3354-PU-379,3354-PU-379|02,
3354-PU-379,3354-PU-379|03,
3354-TK-354,3354-TK-354|01,
3354-TK-354,3354-TK-354|02,
3354-TK-354,3354-TK-354|03,
3354-TK-355,3354-TK-355|01,
3354-TK-355,3354-TK-355|02,
3355-BN-320,3355-BN-320|01,
3355-BN-320,3355-BN-320|02,
3355-FE-331,3355-FE-331|01,
3355-FE-331,3355-FE-331|02,
3355-FE-331,3355-FE-331|03,
3355-PU-384,3355-PU-384|01,
3355-PU-385,3355-PU-385|01,
3355-PU-385,3355-PU-385|02,
3355-TK-356,3355-TK-356|01,
3355-TK-356,3355-TK-356|02,
3355-TK-356,3355-TK-356|03,
3355-TK-357,3355-TK-357|01,
3355-TK-357,3355-TK-357|02,
3355-TK-357,3355-TK-357|03,
3355-TK-358,3355-TK-358|01,
3355-TK-358,3355-TK-358|02,
3355-TK-358,3355-TK-358|03,
3355-TK-359,3355-TK-359|01,
3355-TK-359,3355-TK-359|02,
3355-TK-359,3355-TK-359|03,
3521-CP-301,3521-CP-301|01,
3521-CP-301,3521-CP-301|02,
3521-CP-301,3521-CP-301|03,
3521-CP-301,3521-CP-301|04,
3718-TK-365,3718-TK-365|01,
3718-TK-365,3718-TK-365|02,
3718-TK-366,3718-TK-366|01,
3718-TK-366,3718-TK-366|02,
3719-TK-367,3719-TK-367|01,
3719-TK-367,3719-TK-367|02,
3719-TK-370,3719-TK-370|01,
3719-TK-370,3719-TK-370|02,
3719-TK-371,3719-TK-371|01,
3719-TK-371,3719-TK-371|02,
4122-PU-401,4122-PU-401|01,
4122-PU-401,4122-PU-401|02,
4122-PU-401,4122-PU-401|03,
4131-CP-404,4131-CP-404|01,
4131-CP-404,4131-CP-404|02,
4131-PU-401,4131-PU-401|01,
4131-PU-401,4131-PU-401|02,
4131-PU-401,4131-PU-401|03,
4131-PU-407,4131-PU-407|01,
4131-PU-407,4131-PU-407|02,
4131-PU-407,4131-PU-407|03,
4131-PU-410,4131-PU-410|01,
4131-PU-410,4131-PU-410|02,
4131-PU-410,4131-PU-410|03,
4131-PU-434A,4131-PU-434A|01,
4131-PU-434A,4131-PU-434A|02,
4131-PU-434A,4131-PU-434A|03,
4311-PU-418,4311-PU-418|01,
4311-PU-418,4311-PU-418|02,
4311-PU-418,4311-PU-418|03,
4311-TK-403,4311-TK-403|01,
4311-TK-403,4311-TK-403|02,
4313-PU-407,4313-PU-407|01,
4313-PU-407,4313-PU-407|02,
4313-PU-407,4313-PU-407|03,
4313-PU-408,4313-PU-408|01,
4313-PU-408,4313-PU-408|02,
4313-PU-408,4313-PU-408|03,
4313-PU-409,4313-PU-409|01,
4313-PU-409,4313-PU-409|02,
4313-PU-409,4313-PU-409|03,
4313-TK-401,4313-TK-401|01,
4313-TK-401,4313-TK-401|02,
4314-FL-401,4314-FL-401|01,
4314-FL-405,4314-FL-405|01,
4314-PU-405,4314-PU-405|01,
4314-PU-405,4314-PU-405|02,
4314-PU-405,4314-PU-405|03,
4314-TK-406,4314-TK-406|01,
4314-TK-406,4314-TK-406|02,
4316-PU-40421,4316-PU-40421|01,
4316-PU-40421,4316-PU-40421|02,
4316-PU-40421,4316-PU-40421|03,
4316-PU-40422,4316-PU-40422|01,
4316-PU-40422,4316-PU-40422|02,
4316-PU-40422,4316-PU-40422|03,
4316-PU-40428,4316-PU-40428|03,
4316-PU-410,4316-PU-410|01,
4316-PU-410,4316-PU-410|02,
4316-PU-410,4316-PU-410|03,
4316-PU-411,4316-PU-411|01,
4316-PU-411,4316-PU-411|02,
4316-PU-411,4316-PU-411|03,
4316-TK-402,4316-TK-402|01,
4316-TK-402,4316-TK-402|02,
4316-TK-40424,4316-TK-40424|01,
4316-TK-40424,4316-TK-40424|02,
4316-TK-40424,4316-TK-40424|03,
4316-TK-40426,4316-TK-40426|01,
4316-TK-40426,4316-TK-40426|02,
4316-TK-418,4316-TK-418|01,
4316-TK-418,4316-TK-418|02,
4331-BL-40661,4331-BL-40661|01,
4331-BL-40661,4331-BL-40661|02,
4331-BL-40661,4331-BL-40661|03,
4331-BL-40662,4331-BL-40662|01,
4331-BL-40662,4331-BL-40662|02,
4331-BL-40662,4331-BL-40662|03,
4331-CP-40677,4331-CP-40677|01,
4331-CP-40677,4331-CP-40677|02,
4331-FL-40676,4331-FL-40676|01,
4331-FL-40676,4331-FL-40676|02,
4331-FL-40676,4331-FL-40676|03,
4331-PU-40650,4331-PU-40650|01,
4331-PU-40650,4331-PU-40650|02,
4331-PU-40650,4331-PU-40650|03,
4331-PU-40651,4331-PU-40651|01,
4331-PU-40651,4331-PU-40651|02,
4331-PU-40656,4331-PU-40656|01,
4331-PU-40656,4331-PU-40656|02,
4331-PU-40656,4331-PU-40656|03,
4331-PU-40657,4331-PU-40657|01,
4331-PU-40657,4331-PU-40657|02,
4331-PU-40663,4331-PU-40663|01,
4331-PU-40663,4331-PU-40663|02,
4331-PU-40663,4331-PU-40663|03,
4331-PU-40664,4331-PU-40664|01,
4331-PU-40664,4331-PU-40664|02,
4331-PU-40664,4331-PU-40664|03,
4331-PU-40665,4331-PU-40665|01,
4331-PU-40665,4331-PU-40665|02,
4331-PU-40665,4331-PU-40665|03,
4331-PU-40668,4331-PU-40668|01,
4331-PU-40668,4331-PU-40668|02,
4331-PU-40668,4331-PU-40668|03,
4331-PU-40669,4331-PU-40669|01,
4331-PU-40669,4331-PU-40669|02,
4331-PU-40669,4331-PU-40669|03,
4331-PU-40673,4331-PU-40673|01,
4331-PU-40675,4331-PU-40675|01,
4331-PU-40675,4331-PU-40675|02,
4331-PU-417,4331-PU-417|01,
4331-PU-417,4331-PU-417|02,
4331-TK-417,4331-TK-417|01,
4331-TK-417,4331-TK-417|02,
4532-PU-40757,4532-PU-40757|01,
4532-PU-40757,4532-PU-40757|02,
4532-PU-40757,4532-PU-40757|03,
4532-PU-40758,4532-PU-40758|03,
4532-PU-40759,4532-PU-40759|03,
4532-PU-40763,4532-PU-40763|01,
4532-PU-40763,4532-PU-40763|02,
4532-PU-40763,4532-PU-40763|03,
4532-PU-40767,4532-PU-40767|01,
4532-PU-40767,4532-PU-40767|02,
4532-PU-40767,4532-PU-40767|03,
4532-TK-405,4532-TK-405|01,
4532-TK-405,4532-TK-405|02,
4532-TK-40761,4532-TK-40761|01,
4532-TK-40761,4532-TK-40761|02,
4532-TK-40764,4532-TK-40764|01,
4532-TK-40764,4532-TK-40764|02,
4533-PU-412,4533-PU-412|01,
4533-PU-412,4533-PU-412|02,
4533-PU-412,4533-PU-412|03,
4533-PU-413,4533-PU-413|01,
4533-PU-413,4533-PU-413|02,
4533-PU-413,4533-PU-413|03,
4533-PU-419,4533-PU-419|01,
4533-PU-419,4533-PU-419|02,
4533-PU-419,4533-PU-419|03,
4533-PU-420,4533-PU-420|01,
4533-PU-420,4533-PU-420|02,
4533-PU-420,4533-PU-420|03,
4533-PU-421,4533-PU-421|01,
4533-PU-421,4533-PU-421|02,
4533-PU-421,4533-PU-421|03,
4533-TK-404,4533-TK-404|01,
4533-TK-404,4533-TK-404|02,
4561-BL-40866,4561-BL-40866|01,
4561-BL-40866,4561-BL-40866|02,
4561-BL-40866,4561-BL-40866|03,
4561-BL-40867,4561-BL-40867|01,
4561-BL-40867,4561-BL-40867|02,
4561-BL-40867,4561-BL-40867|03,
4561-BL-40868,4561-BL-40868|01,
4561-BL-40868,4561-BL-40868|02,
4561-BL-40868,4561-BL-40868|03,
4561-CP-40886,4561-CP-40886|01,
4561-CP-40886,4561-CP-40886|02,
4561-FL-40883,4561-FL-40883|01,
4561-FL-40883,4561-FL-40883|02,
4561-FL-40883,4561-FL-40883|03,
4561-PU-40850,4561-PU-40850|01,
4561-PU-40850,4561-PU-40850|02,
4561-PU-40850,4561-PU-40850|03,
4561-PU-40851,4561-PU-40851|01,
4561-PU-40856,4561-PU-40856|01,
4561-PU-40856,4561-PU-40856|02,
4561-PU-40856,4561-PU-40856|03,
4561-PU-40857,4561-PU-40857|01,
4561-PU-40857,4561-PU-40857|02,
4561-PU-40861,4561-PU-40861|01,
4561-PU-40861,4561-PU-40861|02,
4561-PU-40862,4561-PU-40862|01,
4561-PU-40862,4561-PU-40862|02,
4561-PU-40869,4561-PU-40869|01,
4561-PU-40869,4561-PU-40869|02,
4561-PU-40869,4561-PU-40869|03,
4561-PU-40870,4561-PU-40870|01,
4561-PU-40870,4561-PU-40870|02,
4561-PU-40870,4561-PU-40870|03,
4561-PU-40875,4561-PU-40875|01,
4561-PU-40875,4561-PU-40875|02,
4561-PU-40876,4561-PU-40876|01,
4561-PU-40876,4561-PU-40876|02,
4561-PU-40877,4561-PU-40877|01,
4561-PU-40877,4561-PU-40877|02,
4561-PU-40877,4561-PU-40877|03,
4561-PU-40878,4561-PU-40878|01,
4561-PU-40878,4561-PU-40878|02,
4561-PU-40882,4561-PU-40882|01,
4561-PU-40882,4561-PU-40882|02,
4561-PU-40884,4561-PU-40884|01,
4561-PU-40884,4561-PU-40884|02,
4561-TK-407,4561-TK-407|01,
4561-TK-407,4561-TK-407|02,
4561-TK-40881,4561-TK-40881|01,
4561-TK-40881,4561-TK-40881|02,
4561-TK-40888,4561-TK-40888|01,
4561-TK-40888,4561-TK-40888|02,
4561-TK-40889,4561-TK-40889|01,
4561-TK-40889,4561-TK-40889|02,
4561-TK-40890,4561-TK-40890|01,
4561-TK-40890,4561-TK-40890|02,
4561-TK-40891,4561-TK-40891|01,
4561-TK-40891,4561-TK-40891|02,
4561-TK-40892,4561-TK-40892|01,
4561-TK-40892,4561-TK-40892|02,
4561-TK-40893,4561-TK-40893|01,
4561-TK-40893,4561-TK-40893|02,
4561-TK-40894,4561-TK-40894|01,
4561-TK-40894,4561-TK-40894|02,
4561-TK-40895,4561-TK-40895|01,
4561-TK-40895,4561-TK-40895|02,
4561-TK-40896,4561-TK-40896|01,
4561-TK-40896,4561-TK-40896|02,
4561-TK-40897,4561-TK-40897|01,
4561-TK-40897,4561-TK-40897|02,
4561-TK-40900,4561-TK-40900|01,
4561-TK-40900,4561-TK-40900|02,
5111-PU-501,5111-PU-501|01,
5111-PU-501,5111-PU-501|02,
5111-PU-501,5111-PU-501|03,
5111-PU-501,5111-PU-501|04,
5111-PU-521,5111-PU-521|01,
5111-PU-521,5111-PU-521|02,
5111-PU-521,5111-PU-521|03,
5111-PU-522,5111-PU-522|01,
5111-PU-522,5111-PU-522|02,
5111-PU-522,5111-PU-522|03,
5111-TK-510,5111-TK-510|01,
5111-TK-510,5111-TK-510|02,
5121-XM-521,5121-XM-521|01,
5121-XM-521,5121-XM-521|02,
5121-XM-522,5121-XM-522|02,
5551-CP-506,5551-CP-506|01,
5551-CP-506,5551-CP-506|02,
5551-CP-506,5551-CP-506|03,
5551-CP-506,5551-CP-506|04,
5551-XM-511,5551-XM-511|01,
5551-XM-511,5551-XM-511|02,
5551-XM-511,5551-XM-511|03,
5551-XM-511,5551-XM-511|04,
5552-PU-518,5552-PU-518|01,
5552-PU-518,5552-PU-518|02,
5552-PU-518,5552-PU-518|03,
5552-PU-519,5552-PU-519|03,
5561-FL-505,5561-FL-505|01,
5561-FL-505,5561-FL-505|02,
5561-PU-504,5561-PU-504|01,
5561-PU-504,5561-PU-504|02,
5561-PU-504,5561-PU-504|03,
5561-PU-527,5561-PU-527|01,
5561-PU-528,5561-PU-528|01,
5561-PU-529,5561-PU-529|01,
5561-TK-513,5561-TK-513|01,
5561-TK-513,5561-TK-513|02,
5562-TK-501,5562-TK-501|01,
5562-TK-501,5562-TK-501|02,
5611-PU-510,5611-PU-510|01,
5611-PU-510,5611-PU-510|02,
5611-PU-510,5611-PU-510|03,
5611-TK-502,5611-TK-502|01,
5611-TK-502,5611-TK-502|02,
5611-TK-503,5611-TK-503|01,
5611-TK-503,5611-TK-503|02,
5611-TK-504,5611-TK-504|01,
5611-TK-504,5611-TK-504|02,
5612-PU-506,5612-PU-506|01,
5612-PU-506,5612-PU-506|02,
5612-PU-506,5612-PU-506|03,
5612-XM-509,5612-XM-509|01,
5612-XM-509,5612-XM-509|02,
5612-XM-510,5612-XM-510|01,
5612-XM-510,5612-XM-510|02,
5721-PU-517,5721-PU-517|01,
5721-PU-517,5721-PU-517|02,
5721-PU-517,5721-PU-517|03,
5722-CP-501,5722-CP-501|01,
5722-CP-501,5722-CP-501|02,
5722-CP-501,5722-CP-501|03,
5722-CP-501,5722-CP-501|04,
2242-FC-202,2242-FC-202|01,
2242-FC-202,2242-FC-202|02,
2242-FC-202,2242-FC-202|03,
2242-FC-203,2242-FC-203|01,
2242-FC-203,2242-FC-203|02,
2242-FC-203,2242-FC-203|03,
2242-FC-204,2242-FC-204|01,
2242-FC-204,2242-FC-204|02,
2242-FC-204,2242-FC-204|03,
2242-FC-205,2242-FC-205|01,
2242-FC-205,2242-FC-205|02,
2242-FC-205,2242-FC-205|03,
3131-FE-304,3131-FE-304|01,
3131-FE-304,3131-FE-304|02,
3131-FE-304,3131-FE-304|03,
3142-FE-307,3142-FE-307|01,
3142-FE-307,3142-FE-307|02,
3142-FE-307,3142-FE-307|03,
3142-FE-308,3142-FE-308|01,
3142-FE-308,3142-FE-308|02,
3142-FE-308,3142-FE-308|03,
3142-FE-309,3142-FE-309|01,
3142-FE-309,3142-FE-309|02,
3142-FE-309,3142-FE-309|03,
2133-FE-205,2133-FE-205|01,
2133-FE-205,2133-FE-205|02,
2133-FE-205,2133-FE-205|03,
2133-FE-205,2133-FE-205|04,
2133-FE-205,2133-FE-205|05,
3122-FE-303,3122-FE-303|01,
3122-FE-303,3122-FE-303|02,
3122-FE-303,3122-FE-303|03,
3122-FE-303,3122-FE-303|04,
5111-PU-502,5111-PU-502|01,
5111-PU-502,5111-PU-502|02,
5111-PU-502,5111-PU-502|03,
5111-PU-502,5111-PU-502|04,
5111-PU-503,5111-PU-503|01,
5111-PU-503,5111-PU-503|02,
5111-PU-503,5111-PU-503|03,
5111-PU-503,5111-PU-503|04,
5561-PU-505,5561-PU-505|01,
5561-PU-505,5561-PU-505|02,
5561-PU-505,5561-PU-505|03,
5612-PU-507,5612-PU-507|01,
5612-PU-507,5612-PU-507|02,
5612-PU-507,5612-PU-507|03,
5612-PU-508,5612-PU-508|01,
5612-PU-508,5612-PU-508|02,
5612-PU-508,5612-PU-508|03,
2247-PU-214,2247-PU-214|01,
2247-PU-214,2247-PU-214|02,
2247-PU-214,2247-PU-214|03,
2249-PU-238,2249-PU-238|01,
2249-PU-238,2249-PU-238|02,
2249-PU-238,2249-PU-238|03,
2261-PU-239,2261-PU-239|01,
2261-PU-239,2261-PU-239|02,
2261-PU-239,2261-PU-239|03,
2279-PU-240,2279-PU-240|01,
2279-PU-240,2279-PU-240|02,
2279-PU-240,2279-PU-240|03,
2281-PU-242,2281-PU-242|01,
2281-PU-242,2281-PU-242|02,
2281-PU-242,2281-PU-242|03,
2287-PU-245,2287-PU-245|01,
2287-PU-245,2287-PU-245|02,
2287-PU-245,2287-PU-245|03,
4131-PU-411,4131-PU-411|01,
4131-PU-411,4131-PU-411|02,
4131-PU-411,4131-PU-411|03,
4131-PU-412,4131-PU-412|01,
4131-PU-412,4131-PU-412|02,
4131-PU-412,4131-PU-412|03,
4131-PU-434B,4131-PU-434B|01,
4131-PU-434B,4131-PU-434B|02,
4131-PU-434B,4131-PU-434B|03,
3351-PU-373,3351-PU-373|01,
3351-PU-373,3351-PU-373|02,
3351-PU-373,3351-PU-373|03,
3351-PU-374,3351-PU-374|01,
3351-PU-374,3351-PU-374|02,
3351-PU-374,3351-PU-374|03,
3335-PU-399,3335-PU-399|01,
3335-PU-399,3335-PU-399|02,
3335-PU-399,3335-PU-399|03,
3353-PU-390,3353-PU-390|01,
3353-PU-390,3353-PU-390|02,
2242-PU-233,2242-PU-233|01,
2242-PU-233,2242-PU-233|02,
2242-PU-233,2242-PU-233|03,
2244-PU-285,2244-PU-285|01,
2244-PU-285,2244-PU-285|02,
2244-PU-285,2244-PU-285|03,
2247-PU-287,2247-PU-287|01,
2247-PU-287,2247-PU-287|02,
2247-PU-287,2247-PU-287|03,
2261-PU-218,2261-PU-218|01,
2261-PU-218,2261-PU-218|02,
2261-PU-218,2261-PU-218|03,
2283-PU-262,2283-PU-262|01,
2283-PU-262,2283-PU-262|02,
3355-PU-382,3355-PU-382|01,
3355-PU-382,3355-PU-382|02,
3355-PU-383,3355-PU-383|01,
3355-PU-383,3355-PU-383|02,
3355-PU-383,3355-PU-383|03,
3355-PU-389,3355-PU-389|01,
3355-PU-389,3355-PU-389|02,
3355-PU-389,3355-PU-389|03,
2282-PU-258,2282-PU-258|01,
2282-PU-258,2282-PU-258|02,
2282-PU-258,2282-PU-258|03,
2283-PU-266,2283-PU-266|01,
2283-PU-266,2283-PU-266|02,
2283-PU-266,2283-PU-266|03,
2284-PU-282,2284-PU-282|01,
2284-PU-282,2284-PU-282|02,
2284-PU-282,2284-PU-282|03,
4311-PU-404,4311-PU-404|01,
4311-PU-404,4311-PU-404|02,
4311-PU-404,4311-PU-404|03,
4314-PU-406,4314-PU-406|01,
4314-PU-406,4314-PU-406|02,
4314-PU-406,4314-PU-406|03,
2312-PU-231,2312-PU-231|01,
2312-PU-231,2312-PU-231|02,
2312-PU-231,2312-PU-231|03,
4122-PU-402,4122-PU-402|01,
4122-PU-402,4122-PU-402|02,
4122-PU-402,4122-PU-402|03,
4122-PU-403,4122-PU-403|01,
4122-PU-403,4122-PU-403|02,
4122-PU-403,4122-PU-403|03,
2284-PU-291,2284-PU-291|01,
2284-PU-291,2284-PU-291|02,
2284-PU-291,2284-PU-291|03,
3351-XM-307,3351-XM-307|01,
3351-XM-307,3351-XM-307|02,
2243-FC-212,2243-FC-212|01,
2243-FC-212,2243-FC-212|02,
2243-FC-212,2243-FC-212|03,
2243-FC-213,2243-FC-213|01,
2243-FC-213,2243-FC-213|02,
2243-FC-213,2243-FC-213|03,
2247-FC-221,2247-FC-221|01,
2247-FC-221,2247-FC-221|02,
2247-FC-221,2247-FC-221|03,
2247-FC-222,2247-FC-222|01,
2247-FC-222,2247-FC-222|02,
2247-FC-222,2247-FC-222|03,
2247-FC-223,2247-FC-223|01,
2247-FC-223,2247-FC-223|02,
2247-FC-223,2247-FC-223|03,
2244-FC-232,2244-FC-232|01,
2244-FC-232,2244-FC-232|02,
2244-FC-232,2244-FC-232|03,
2244-FC-233,2244-FC-233|01,
2244-FC-233,2244-FC-233|02,
2244-FC-233,2244-FC-233|03,
2244-FC-234,2244-FC-234|01,
2244-FC-234,2244-FC-234|02,
2244-FC-234,2244-FC-234|03,
2133-CR-203,2133-CR-203|01,
2133-CR-203,2133-CR-203|02,
2133-CR-203,2133-CR-203|03,
2133-CR-203,2133-CR-203|04,
2133-CR-203,2133-CR-203|05,
2133-CR-203,2133-CR-203|06,
2133-CR-203,2133-CR-203|07,
2254-CY-202,2254-CY-202|01,
2254-CY-202,2254-CY-202|02,
2254-CY-202,2254-CY-202|03,
2321-CP-208,2321-CP-208|01,
2321-CP-208,2321-CP-208|02,
2321-CP-208,2321-CP-208|03,
2321-CP-208,2321-CP-208|04,
3521-CP-302,3521-CP-302|01,
3521-CP-302,3521-CP-302|02,
3521-CP-302,3521-CP-302|03,
3521-CP-302,3521-CP-302|04,
3231-CN-302,3231-CN-302|01,
3231-CN-302,3231-CN-302|02,
3231-CN-302,3231-CN-302|03,
3231-CN-302,3231-CN-302|04,
3332-HX-302,3332-HX-302|01,
3332-HX-302,3332-HX-302|02,
3232-SA-302,3232-SA-302|01,
3232-SA-302,3232-SA-302|02,
2323-BL-202,2323-BL-202|01,
2323-BL-202,2323-BL-202|02,
2323-BL-202,2323-BL-202|03,
